sample_id	peptide_seq	chromosome
S1	AASSQTPTMCTTTVTIK	18
S1	AASSQTPTMCTTTVTVK	18
S2	AASSQTPTMCTTTVTIK	18
S2	ADFSGMSTEK	18
S46	AASSQTPTMCTTTVTIK	18
S46	HGLVATHMLTVR	18
S67	AASSQTPTMCTTTVTIK	18
S67	MVAWSSSENMSEESVVLSFPR	18
S95	AASSQTPTMCTTTVTIK	18
S95	SFSIFLSDGQR	18
S101	AASSQTPTMCTTTVTIK	18
S101	SLSSAINASTGDYLLESVNK	18
S102	AASSQTPTMCTTTVTIK	18
S102	SLSSAINASTGNYLLESVNK	18
S114	AASSQTPTMCTTTVTIK	18
S114	VEDENDSHPVFTEAIYNFEVLESSR	18
S129	AASSQTPTMCTTTVTVK	18
S129	ADFSGMSTEK	18
S173	AASSQTPTMCTTTVTVK	18
S173	HGLVATHMLTVR	18
S194	AASSQTPTMCTTTVTVK	18
S194	MVAWSSSENMSEESVVLSFPR	18
S222	AASSQTPTMCTTTVTVK	18
S222	SFSIFLSDGQR	18
S228	AASSQTPTMCTTTVTVK	18
S228	SLSSAINASTGDYLLESVNK	18
S229	AASSQTPTMCTTTVTVK	18
S229	SLSSAINASTGNYLLESVNK	18
S241	AASSQTPTMCTTTVTVK	18
S241	VEDENDSHPVFTEAIYNFEVLESSR	18
S299	ADFSGMSTEK	18
S299	HGLVATHMLTVR	18
S320	ADFSGMSTEK	18
S320	MVAWSSSENMSEESVVLSFPR	18
S348	ADFSGMSTEK	18
S348	SFSIFLSDGQR	18
S354	ADFSGMSTEK	18
S354	SLSSAINASTGDYLLESVNK	18
S355	ADFSGMSTEK	18
S355	SLSSAINASTGNYLLESVNK	18
S367	ADFSGMSTEK	18
S367	VEDENDSHPVFTEAIYNFEVLESSR	18
S399	AEAEALYQIK	12
S399	FGEWSGGPGLSLCPPGGIQEVTINQNPLTPLK	12
S401	AEAEALYQIK	12
S401	FPSVSLQEASSFFQR	12
S402	AEAEALYQIK	12
S402	FPSVSLQEASSFFR	12
S408	AEAEALYQIK	12
S408	GETISGGNFHGEYPAK	12
S409	AEAEALYQIK	12
S409	GETVSGGNFHGEYPAK	12
S411	AEAEALYQIK	12
S411	GGGFGGGSGFGGGSGFSGGGFGGGGFGGGR	12
S412	AEAEALYQIK	12
S412	GGGFGGGSSFGGGSGFSGGGFGGGGFGGGR	12
S413	AEAEALYQIK	12
S413	GGSGGGYGSGCGGGGGSYGGSGR	12
S418	AEAEALYQIK	12
S418	GSYGSGGGSYGSGGGGGGHGSYGSGSSSGGYR	12
S419	AEAEALYQIK	12
S419	GSYGSGGSSYGSGGGSYGSGGGGGGHGSYGSGSSSGGYR	12
S421	AEAEALYQIK	12
S421	GTLYIVEQIPTYVEYSEQTDVLR	12
S428	AEAEALYQIK	12
S428	HWDFNVIDK	12
S440	AEAEALYQIK	12
S440	LNDLEDALQQAK	12
S441	AEAEALYQIK	12
S441	LNDLEDALQQSK	12
S451	AEAEALYQIK	12
S451	NPGAVNACHLSCSALLQDNIADAVACAK	12
S461	AEAEALYQIK	12
S461	QGPPLGGQQSQPSAGDGNQNDGPQQGPPQQGGQQQQGPPPPQGK	12
S475	AEAEALYQIK	12
S475	SLDLDSIIDAVR	12
S476	AEAEALYQIK	12
S476	SLDLDSIINAVR	12
S477	AEAEALYQIK	12
S477	SLNSFGGCLEGSR	12
S481	AEAEALYQIK	12
S481	SSGGSSSVR	12
S487	AEAEALYQIK	12
S487	TPGAVNACHLSCSALLQDNIADAVACAK	12
S500	AEAEALYQIK	12
S500	WELLQQMNVDTR	12
S501	AEAEALYQIK	12
S501	WELLQQVNTSTGTNNLEPLLENYIGDLR	12
S504	AEAEALYQIK	12
S504	YQELQIMAGR	12
S505	AEAEALYQIK	12
S505	YQELQITAGR	12
S524	APSPLYSVEFSEEPFGVIVHR	17
S524	FGIQAQMVTTDFQK	17
S547	APSPLYSVEFSEEPFGVIVHR	17
S547	HDPAAWEAAQSMIPINEPYGDDLDATYR	17
S573	APSPLYSVEFSEEPFGVIVHR	17
S573	NEGTATYAAAILFR	17
S574	APSPLYSVEFSEEPFGVIVHR	17
S574	NEGTATYAAAVLFR	17
S576	APSPLYSVEFSEEPFGVIVHR	17
S576	NQINALTSFVDASMVYGSEEPLAR	17
S590	APSPLYSVEFSEEPFGVIVHR	17
S590	QLNPQGDLTPLDSLIDFK	17
S593	APSPLYSVEFSEEPFGVIVHR	17
S593	SAIVHLINYQDDAELATR	17
S598	APSPLYSVEFSEEPFGVIVHR	17
S598	SGGGGGGGGCGGGGGVSSLR	17
S612	APSPLYSVEFSEEPFGVIVHR	17
S612	TTADDSLPVLLEHR	17
S633	ATSYAELCSEYR	05
S633	DGDFICPDYYEAVCGTDGK	05
S694	ATSYAELCSEYR	05
S694	NAAGHGSSGGGGGNTQDECAEYQEQMK	05
S695	ATSYAELCSEYR	05
S695	NAAGHGSSGGGGGNTQDECAEYR	05
S704	ATSYAELCSEYR	05
S704	PGPALWPLPLLVK	05
S705	ATSYAELCSEYR	05
S705	PGPALWPLPLSVK	05
S718	ATSYAELCSEYR	05
S718	SEFAVPDLELPSWLTTGNYR	05
S719	ATSYAELCSEYR	05
S719	SEFVVPDLELPSWLTTGNYR	05
S765	CGYFDEEMNR	08
S765	EQLQQEQALLEEIER	08
S834	CGYFDEEMNR	08
S834	QLAEEDAAR	08
S883	CTVSGWGTVTSPR	19
S883	EAGQFGHDIHHTAGQAGK	19
S884	CTVSGWGTVTSPR	19
S884	EGGQFGHDIHHTAGQAGK	19
S896	CTVSGWGTVTSPR	19
S896	GCWTGPPAGQTQSNPDALPPDYSVVR	19
S923	CTVSGWGTVTSPR	19
S923	LDPEAYGAPCAR	19
S924	CTVSGWGTVTSPR	19
S924	LDPEAYGSPCAR	19
S957	CTVSGWGTVTSPR	19
S957	QVPGFGAADALGNR	19
S958	CTVSGWGTVTSPR	19
S958	QVPGFGVADALGNR	19
S984	CTVSGWGTVTSPR	19
S984	VQCHQDQTACFQGNGR	19
S985	CTVSGWGTVTSPR	19
S985	VQCHQDQTACFQGSGR	19
S987	CTVSGWGTVTSPR	19
S987	VSDALGQGTR	19
S988	CTVSGWGTVTSPR	19
S988	VSEALGQGTR	19
S1057	DGDFICPDYYEAVCGTDGK	05
S1057	NAAGHGSSGGGGGNTQDECAEYQEQMK	05
S1058	DGDFICPDYYEAVCGTDGK	05
S1058	NAAGHGSSGGGGGNTQDECAEYR	05
S1067	DGDFICPDYYEAVCGTDGK	05
S1067	PGPALWPLPLLVK	05
S1068	DGDFICPDYYEAVCGTDGK	05
S1068	PGPALWPLPLSVK	05
S1081	DGDFICPDYYEAVCGTDGK	05
S1081	SEFAVPDLELPSWLTTGNYR	05
S1082	DGDFICPDYYEAVCGTDGK	05
S1082	SEFVVPDLELPSWLTTGNYR	05
S1121	DIFTGLIGPMK	03
S1121	DVTVLQNTDGNNNEAWAK	03
S1175	DIFTGLIGPMK	03
S1175	MYYSAVDPTK	03
S1211	DIFTGLIGPMK	03
S1211	SVEEYANCHLAR	03
S1212	DIFTGLIGPMK	03
S1212	SVQWCAVSQPEATK	03
S1213	DIFTGLIGPMK	03
S1213	SVQWCTVSQPEATK	03
S1222	DIFTGLIGPMK	03
S1222	VGEAGLLSVDCSEAGPGALGLEAVSDSGTK	03
S1236	DILTIDIGR	01
S1236	DILTIDISR	01
S1250	DILTIDIGR	01
S1250	FQIATVTEK	01
S1251	DILTIDIGR	01
S1251	FQTATVTEK	01
S1261	DILTIDIGR	01
S1261	GQHSSGSGQSPGHDQR	01
S1262	DILTIDIGR	01
S1262	GQHSSGSGQSPGHGQR	01
S1269	DILTIDIGR	01
S1269	GVAGSSVAVLCPYNR	01
S1272	DILTIDIGR	01
S1272	HSASQYGQDTIR	01
S1273	DILTIDIGR	01
S1273	HSAYQDGQDTIR	01
S1274	DILTIDIGR	01
S1274	HSSWSEGEEHGYSSGHSR	01
S1306	DILTIDIGR	01
S1306	PQNASSSCQSHR	01
S1309	DILTIDIGR	01
S1309	QGSSAGSSSSCGQHGSGSR	01
S1310	DILTIDIGR	01
S1310	QGSSAGSSSSYGPHGSGSR	01
S1311	DILTIDIGR	01
S1311	QGSSAGSSSSYGQHGSGSR	01
S1346	DILTIDIGR	01
S1346	VVAELQAGTCFINNYNVSPVELPFGGYK	01
S1367	DILTIDISR	01
S1367	FQIATVTEK	01
S1368	DILTIDISR	01
S1368	FQTATVTEK	01
S1378	DILTIDISR	01
S1378	GQHSSGSGQSPGHDQR	01
S1379	DILTIDISR	01
S1379	GQHSSGSGQSPGHGQR	01
S1386	DILTIDISR	01
S1386	GVAGSSVAVLCPYNR	01
S1389	DILTIDISR	01
S1389	HSASQYGQDTIR	01
S1390	DILTIDISR	01
S1390	HSAYQDGQDTIR	01
S1391	DILTIDISR	01
S1391	HSSWSEGEEHGYSSGHSR	01
S1423	DILTIDISR	01
S1423	PQNASSSCQSHR	01
S1426	DILTIDISR	01
S1426	QGSSAGSSSSCGQHGSGSR	01
S1427	DILTIDISR	01
S1427	QGSSAGSSSSYGPHGSGSR	01
S1428	DILTIDISR	01
S1428	QGSSAGSSSSYGQHGSGSR	01
S1463	DILTIDISR	01
S1463	VVAELQAGTCFINNYNVSPVELPFGGYK	01
S1477	DITDTLVAVTISEGAHHLDLR	11
S1477	FDAPLEAVAAK	11
S1478	DITDTLVAVTISEGAHHLDLR	11
S1478	FDAPPEAVAAK	11
S1500	DITDTLVAVTISEGAHHLDLR	11
S1500	GTDECAIESIAVAATPIPK	11
S1515	DITDTLVAVTISEGAHHLDLR	11
S1515	LEGSDVQLLEYEASAAGLIR	11
S1519	DITDTLVAVTISEGAHHLDLR	11
S1519	LIVQPNTHLEGSDVQLLEYEASAAGLIR	11
S1627	DTEEEDFHVDQVTTVK	14
S1627	IQVLVEPDHFK	14
S1637	DTEEEDFHVDQVTTVK	14
S1637	LQHLENELTHDIITK	14
S1638	DTEEEDFHVDQVTTVK	14
S1638	LTQAQIFDYGEIPNFPR	14
S1639	DTEEEDFHVDQVTTVK	14
S1639	LTQAQIFDYSEIPNFPR	14
S1649	DTEEEDFHVDQVTTVK	14
S1649	NVNPVALPR	14
S1755	DVTVLQNTDGNNNEAWAK	03
S1755	MYYSAVDPTK	03
S1791	DVTVLQNTDGNNNEAWAK	03
S1791	SVEEYANCHLAR	03
S1792	DVTVLQNTDGNNNEAWAK	03
S1792	SVQWCAVSQPEATK	03
S1793	DVTVLQNTDGNNNEAWAK	03
S1793	SVQWCTVSQPEATK	03
S1802	DVTVLQNTDGNNNEAWAK	03
S1802	VGEAGLLSVDCSEAGPGALGLEAVSDSGTK	03
S1816	EAGQFGHDIHHTAGQAGK	19
S1816	EGGQFGHDIHHTAGQAGK	19
S1828	EAGQFGHDIHHTAGQAGK	19
S1828	GCWTGPPAGQTQSNPDALPPDYSVVR	19
S1855	EAGQFGHDIHHTAGQAGK	19
S1855	LDPEAYGAPCAR	19
S1856	EAGQFGHDIHHTAGQAGK	19
S1856	LDPEAYGSPCAR	19
S1889	EAGQFGHDIHHTAGQAGK	19
S1889	QVPGFGAADALGNR	19
S1890	EAGQFGHDIHHTAGQAGK	19
S1890	QVPGFGVADALGNR	19
S1916	EAGQFGHDIHHTAGQAGK	19
S1916	VQCHQDQTACFQGNGR	19
S1917	EAGQFGHDIHHTAGQAGK	19
S1917	VQCHQDQTACFQGSGR	19
S1919	EAGQFGHDIHHTAGQAGK	19
S1919	VSDALGQGTR	19
S1920	EAGQFGHDIHHTAGQAGK	19
S1920	VSEALGQGTR	19
S1940	EGGQFGHDIHHTAGQAGK	19
S1940	GCWTGPPAGQTQSNPDALPPDYSVVR	19
S1967	EGGQFGHDIHHTAGQAGK	19
S1967	LDPEAYGAPCAR	19
S1968	EGGQFGHDIHHTAGQAGK	19
S1968	LDPEAYGSPCAR	19
S2001	EGGQFGHDIHHTAGQAGK	19
S2001	QVPGFGAADALGNR	19
S2002	EGGQFGHDIHHTAGQAGK	19
S2002	QVPGFGVADALGNR	19
S2028	EGGQFGHDIHHTAGQAGK	19
S2028	VQCHQDQTACFQGNGR	19
S2029	EGGQFGHDIHHTAGQAGK	19
S2029	VQCHQDQTACFQGSGR	19
S2031	EGGQFGHDIHHTAGQAGK	19
S2031	VSDALGQGTR	19
S2032	EGGQFGHDIHHTAGQAGK	19
S2032	VSEALGQGTR	19
S2098	ELVDDSVNNVR	06
S2098	NVAVDELSR	06
S2105	ELVDDSVNNVR	06
S2105	QGCTVTVSDLYAMNFEPR	06
S2141	ELVDDSVNNVR	06
S2141	VQEQELTR	06
S2151	ELVDDSVNNVR	06
S2151	YTQTFTLHANR	06
S2220	EQLQQEQALLEEIER	08
S2220	QLAEEDAAR	08
S2262	FDAPLEAVAAK	11
S2262	FDAPPEAVAAK	11
S2284	FDAPLEAVAAK	11
S2284	GTDECAIESIAVAATPIPK	11
S2299	FDAPLEAVAAK	11
S2299	LEGSDVQLLEYEASAAGLIR	11
S2303	FDAPLEAVAAK	11
S2303	LIVQPNTHLEGSDVQLLEYEASAAGLIR	11
S2392	FDAPPEAVAAK	11
S2392	GTDECAIESIAVAATPIPK	11
S2407	FDAPPEAVAAK	11
S2407	LEGSDVQLLEYEASAAGLIR	11
S2411	FDAPPEAVAAK	11
S2411	LIVQPNTHLEGSDVQLLEYEASAAGLIR	11
S2480	FGEWSGGPGLSLCPPGGIQEVTINQNPLTPLK	12
S2480	FPSVSLQEASSFFQR	12
S2481	FGEWSGGPGLSLCPPGGIQEVTINQNPLTPLK	12
S2481	FPSVSLQEASSFFR	12
S2487	FGEWSGGPGLSLCPPGGIQEVTINQNPLTPLK	12
S2487	GETISGGNFHGEYPAK	12
S2488	FGEWSGGPGLSLCPPGGIQEVTINQNPLTPLK	12
S2488	GETVSGGNFHGEYPAK	12
S2490	FGEWSGGPGLSLCPPGGIQEVTINQNPLTPLK	12
S2490	GGGFGGGSGFGGGSGFSGGGFGGGGFGGGR	12
S2491	FGEWSGGPGLSLCPPGGIQEVTINQNPLTPLK	12
S2491	GGGFGGGSSFGGGSGFSGGGFGGGGFGGGR	12
S2492	FGEWSGGPGLSLCPPGGIQEVTINQNPLTPLK	12
S2492	GGSGGGYGSGCGGGGGSYGGSGR	12
S2497	FGEWSGGPGLSLCPPGGIQEVTINQNPLTPLK	12
S2497	GSYGSGGGSYGSGGGGGGHGSYGSGSSSGGYR	12
S2498	FGEWSGGPGLSLCPPGGIQEVTINQNPLTPLK	12
S2498	GSYGSGGSSYGSGGGSYGSGGGGGGHGSYGSGSSSGGYR	12
S2500	FGEWSGGPGLSLCPPGGIQEVTINQNPLTPLK	12
S2500	GTLYIVEQIPTYVEYSEQTDVLR	12
S2507	FGEWSGGPGLSLCPPGGIQEVTINQNPLTPLK	12
S2507	HWDFNVIDK	12
S2519	FGEWSGGPGLSLCPPGGIQEVTINQNPLTPLK	12
S2519	LNDLEDALQQAK	12
S2520	FGEWSGGPGLSLCPPGGIQEVTINQNPLTPLK	12
S2520	LNDLEDALQQSK	12
S2530	FGEWSGGPGLSLCPPGGIQEVTINQNPLTPLK	12
S2530	NPGAVNACHLSCSALLQDNIADAVACAK	12
S2540	FGEWSGGPGLSLCPPGGIQEVTINQNPLTPLK	12
S2540	QGPPLGGQQSQPSAGDGNQNDGPQQGPPQQGGQQQQGPPPPQGK	12
S2554	FGEWSGGPGLSLCPPGGIQEVTINQNPLTPLK	12
S2554	SLDLDSIIDAVR	12
S2555	FGEWSGGPGLSLCPPGGIQEVTINQNPLTPLK	12
S2555	SLDLDSIINAVR	12
S2556	FGEWSGGPGLSLCPPGGIQEVTINQNPLTPLK	12
S2556	SLNSFGGCLEGSR	12
S2560	FGEWSGGPGLSLCPPGGIQEVTINQNPLTPLK	12
S2560	SSGGSSSVR	12
S2566	FGEWSGGPGLSLCPPGGIQEVTINQNPLTPLK	12
S2566	TPGAVNACHLSCSALLQDNIADAVACAK	12
S2579	FGEWSGGPGLSLCPPGGIQEVTINQNPLTPLK	12
S2579	WELLQQMNVDTR	12
S2580	FGEWSGGPGLSLCPPGGIQEVTINQNPLTPLK	12
S2580	WELLQQVNTSTGTNNLEPLLENYIGDLR	12
S2583	FGEWSGGPGLSLCPPGGIQEVTINQNPLTPLK	12
S2583	YQELQIMAGR	12
S2584	FGEWSGGPGLSLCPPGGIQEVTINQNPLTPLK	12
S2584	YQELQITAGR	12
S2608	FGIQAQMVTTDFQK	17
S2608	HDPAAWEAAQSMIPINEPYGDDLDATYR	17
S2634	FGIQAQMVTTDFQK	17
S2634	NEGTATYAAAILFR	17
S2635	FGIQAQMVTTDFQK	17
S2635	NEGTATYAAAVLFR	17
S2637	FGIQAQMVTTDFQK	17
S2637	NQINALTSFVDASMVYGSEEPLAR	17
S2651	FGIQAQMVTTDFQK	17
S2651	QLNPQGDLTPLDSLIDFK	17
S2654	FGIQAQMVTTDFQK	17
S2654	SAIVHLINYQDDAELATR	17
S2659	FGIQAQMVTTDFQK	17
S2659	SGGGGGGGGCGGGGGVSSLR	17
S2673	FGIQAQMVTTDFQK	17
S2673	TTADDSLPVLLEHR	17
S2692	FPSVSLQEASSFFQR	12
S2692	FPSVSLQEASSFFR	12
S2698	FPSVSLQEASSFFQR	12
S2698	GETISGGNFHGEYPAK	12
S2699	FPSVSLQEASSFFQR	12
S2699	GETVSGGNFHGEYPAK	12
S2701	FPSVSLQEASSFFQR	12
S2701	GGGFGGGSGFGGGSGFSGGGFGGGGFGGGR	12
S2702	FPSVSLQEASSFFQR	12
S2702	GGGFGGGSSFGGGSGFSGGGFGGGGFGGGR	12
S2703	FPSVSLQEASSFFQR	12
S2703	GGSGGGYGSGCGGGGGSYGGSGR	12
S2708	FPSVSLQEASSFFQR	12
S2708	GSYGSGGGSYGSGGGGGGHGSYGSGSSSGGYR	12
S2709	FPSVSLQEASSFFQR	12
S2709	GSYGSGGSSYGSGGGSYGSGGGGGGHGSYGSGSSSGGYR	12
S2711	FPSVSLQEASSFFQR	12
S2711	GTLYIVEQIPTYVEYSEQTDVLR	12
S2718	FPSVSLQEASSFFQR	12
S2718	HWDFNVIDK	12
S2730	FPSVSLQEASSFFQR	12
S2730	LNDLEDALQQAK	12
S2731	FPSVSLQEASSFFQR	12
S2731	LNDLEDALQQSK	12
S2741	FPSVSLQEASSFFQR	12
S2741	NPGAVNACHLSCSALLQDNIADAVACAK	12
S2751	FPSVSLQEASSFFQR	12
S2751	QGPPLGGQQSQPSAGDGNQNDGPQQGPPQQGGQQQQGPPPPQGK	12
S2765	FPSVSLQEASSFFQR	12
S2765	SLDLDSIIDAVR	12
S2766	FPSVSLQEASSFFQR	12
S2766	SLDLDSIINAVR	12
S2767	FPSVSLQEASSFFQR	12
S2767	SLNSFGGCLEGSR	12
S2771	FPSVSLQEASSFFQR	12
S2771	SSGGSSSVR	12
S2777	FPSVSLQEASSFFQR	12
S2777	TPGAVNACHLSCSALLQDNIADAVACAK	12
S2790	FPSVSLQEASSFFQR	12
S2790	WELLQQMNVDTR	12
S2791	FPSVSLQEASSFFQR	12
S2791	WELLQQVNTSTGTNNLEPLLENYIGDLR	12
S2794	FPSVSLQEASSFFQR	12
S2794	YQELQIMAGR	12
S2795	FPSVSLQEASSFFQR	12
S2795	YQELQITAGR	12
S2802	FPSVSLQEASSFFR	12
S2802	GETISGGNFHGEYPAK	12
S2803	FPSVSLQEASSFFR	12
S2803	GETVSGGNFHGEYPAK	12
S2805	FPSVSLQEASSFFR	12
S2805	GGGFGGGSGFGGGSGFSGGGFGGGGFGGGR	12
S2806	FPSVSLQEASSFFR	12
S2806	GGGFGGGSSFGGGSGFSGGGFGGGGFGGGR	12
S2807	FPSVSLQEASSFFR	12
S2807	GGSGGGYGSGCGGGGGSYGGSGR	12
S2812	FPSVSLQEASSFFR	12
S2812	GSYGSGGGSYGSGGGGGGHGSYGSGSSSGGYR	12
S2813	FPSVSLQEASSFFR	12
S2813	GSYGSGGSSYGSGGGSYGSGGGGGGHGSYGSGSSSGGYR	12
S2815	FPSVSLQEASSFFR	12
S2815	GTLYIVEQIPTYVEYSEQTDVLR	12
S2822	FPSVSLQEASSFFR	12
S2822	HWDFNVIDK	12
S2834	FPSVSLQEASSFFR	12
S2834	LNDLEDALQQAK	12
S2835	FPSVSLQEASSFFR	12
S2835	LNDLEDALQQSK	12
S2845	FPSVSLQEASSFFR	12
S2845	NPGAVNACHLSCSALLQDNIADAVACAK	12
S2855	FPSVSLQEASSFFR	12
S2855	QGPPLGGQQSQPSAGDGNQNDGPQQGPPQQGGQQQQGPPPPQGK	12
S2869	FPSVSLQEASSFFR	12
S2869	SLDLDSIIDAVR	12
S2870	FPSVSLQEASSFFR	12
S2870	SLDLDSIINAVR	12
S2871	FPSVSLQEASSFFR	12
S2871	SLNSFGGCLEGSR	12
S2875	FPSVSLQEASSFFR	12
S2875	SSGGSSSVR	12
S2881	FPSVSLQEASSFFR	12
S2881	TPGAVNACHLSCSALLQDNIADAVACAK	12
S2894	FPSVSLQEASSFFR	12
S2894	WELLQQMNVDTR	12
S2895	FPSVSLQEASSFFR	12
S2895	WELLQQVNTSTGTNNLEPLLENYIGDLR	12
S2898	FPSVSLQEASSFFR	12
S2898	YQELQIMAGR	12
S2899	FPSVSLQEASSFFR	12
S2899	YQELQITAGR	12
S2901	FQIATVTEK	01
S2901	FQTATVTEK	01
S2911	FQIATVTEK	01
S2911	GQHSSGSGQSPGHDQR	01
S2912	FQIATVTEK	01
S2912	GQHSSGSGQSPGHGQR	01
S2919	FQIATVTEK	01
S2919	GVAGSSVAVLCPYNR	01
S2922	FQIATVTEK	01
S2922	HSASQYGQDTIR	01
S2923	FQIATVTEK	01
S2923	HSAYQDGQDTIR	01
S2924	FQIATVTEK	01
S2924	HSSWSEGEEHGYSSGHSR	01
S2956	FQIATVTEK	01
S2956	PQNASSSCQSHR	01
S2959	FQIATVTEK	01
S2959	QGSSAGSSSSCGQHGSGSR	01
S2960	FQIATVTEK	01
S2960	QGSSAGSSSSYGPHGSGSR	01
S2961	FQIATVTEK	01
S2961	QGSSAGSSSSYGQHGSGSR	01
S2996	FQIATVTEK	01
S2996	VVAELQAGTCFINNYNVSPVELPFGGYK	01
S3013	FQTATVTEK	01
S3013	GQHSSGSGQSPGHDQR	01
S3014	FQTATVTEK	01
S3014	GQHSSGSGQSPGHGQR	01
S3021	FQTATVTEK	01
S3021	GVAGSSVAVLCPYNR	01
S3024	FQTATVTEK	01
S3024	HSASQYGQDTIR	01
S3025	FQTATVTEK	01
S3025	HSAYQDGQDTIR	01
S3026	FQTATVTEK	01
S3026	HSSWSEGEEHGYSSGHSR	01
S3058	FQTATVTEK	01
S3058	PQNASSSCQSHR	01
S3061	FQTATVTEK	01
S3061	QGSSAGSSSSCGQHGSGSR	01
S3062	FQTATVTEK	01
S3062	QGSSAGSSSSYGPHGSGSR	01
S3063	FQTATVTEK	01
S3063	QGSSAGSSSSYGQHGSGSR	01
S3098	FQTATVTEK	01
S3098	VVAELQAGTCFINNYNVSPVELPFGGYK	01
S3233	GCWTGPPAGQTQSNPDALPPDYSVVR	19
S3233	LDPEAYGAPCAR	19
S3234	GCWTGPPAGQTQSNPDALPPDYSVVR	19
S3234	LDPEAYGSPCAR	19
S3267	GCWTGPPAGQTQSNPDALPPDYSVVR	19
S3267	QVPGFGAADALGNR	19
S3268	GCWTGPPAGQTQSNPDALPPDYSVVR	19
S3268	QVPGFGVADALGNR	19
S3294	GCWTGPPAGQTQSNPDALPPDYSVVR	19
S3294	VQCHQDQTACFQGNGR	19
S3295	GCWTGPPAGQTQSNPDALPPDYSVVR	19
S3295	VQCHQDQTACFQGSGR	19
S3297	GCWTGPPAGQTQSNPDALPPDYSVVR	19
S3297	VSDALGQGTR	19
S3298	GCWTGPPAGQTQSNPDALPPDYSVVR	19
S3298	VSEALGQGTR	19
S3406	GETISGGNFHGEYPAK	12
S3406	GETVSGGNFHGEYPAK	12
S3408	GETISGGNFHGEYPAK	12
S3408	GGGFGGGSGFGGGSGFSGGGFGGGGFGGGR	12
S3409	GETISGGNFHGEYPAK	12
S3409	GGGFGGGSSFGGGSGFSGGGFGGGGFGGGR	12
S3410	GETISGGNFHGEYPAK	12
S3410	GGSGGGYGSGCGGGGGSYGGSGR	12
S3415	GETISGGNFHGEYPAK	12
S3415	GSYGSGGGSYGSGGGGGGHGSYGSGSSSGGYR	12
S3416	GETISGGNFHGEYPAK	12
S3416	GSYGSGGSSYGSGGGSYGSGGGGGGHGSYGSGSSSGGYR	12
S3418	GETISGGNFHGEYPAK	12
S3418	GTLYIVEQIPTYVEYSEQTDVLR	12
S3425	GETISGGNFHGEYPAK	12
S3425	HWDFNVIDK	12
S3437	GETISGGNFHGEYPAK	12
S3437	LNDLEDALQQAK	12
S3438	GETISGGNFHGEYPAK	12
S3438	LNDLEDALQQSK	12
S3448	GETISGGNFHGEYPAK	12
S3448	NPGAVNACHLSCSALLQDNIADAVACAK	12
S3458	GETISGGNFHGEYPAK	12
S3458	QGPPLGGQQSQPSAGDGNQNDGPQQGPPQQGGQQQQGPPPPQGK	12
S3472	GETISGGNFHGEYPAK	12
S3472	SLDLDSIIDAVR	12
S3473	GETISGGNFHGEYPAK	12
S3473	SLDLDSIINAVR	12
S3474	GETISGGNFHGEYPAK	12
S3474	SLNSFGGCLEGSR	12
S3478	GETISGGNFHGEYPAK	12
S3478	SSGGSSSVR	12
S3484	GETISGGNFHGEYPAK	12
S3484	TPGAVNACHLSCSALLQDNIADAVACAK	12
S3497	GETISGGNFHGEYPAK	12
S3497	WELLQQMNVDTR	12
S3498	GETISGGNFHGEYPAK	12
S3498	WELLQQVNTSTGTNNLEPLLENYIGDLR	12
S3501	GETISGGNFHGEYPAK	12
S3501	YQELQIMAGR	12
S3502	GETISGGNFHGEYPAK	12
S3502	YQELQITAGR	12
S3505	GETVSGGNFHGEYPAK	12
S3505	GGGFGGGSGFGGGSGFSGGGFGGGGFGGGR	12
S3506	GETVSGGNFHGEYPAK	12
S3506	GGGFGGGSSFGGGSGFSGGGFGGGGFGGGR	12
S3507	GETVSGGNFHGEYPAK	12
S3507	GGSGGGYGSGCGGGGGSYGGSGR	12
S3512	GETVSGGNFHGEYPAK	12
S3512	GSYGSGGGSYGSGGGGGGHGSYGSGSSSGGYR	12
S3513	GETVSGGNFHGEYPAK	12
S3513	GSYGSGGSSYGSGGGSYGSGGGGGGHGSYGSGSSSGGYR	12
S3515	GETVSGGNFHGEYPAK	12
S3515	GTLYIVEQIPTYVEYSEQTDVLR	12
S3522	GETVSGGNFHGEYPAK	12
S3522	HWDFNVIDK	12
S3534	GETVSGGNFHGEYPAK	12
S3534	LNDLEDALQQAK	12
S3535	GETVSGGNFHGEYPAK	12
S3535	LNDLEDALQQSK	12
S3545	GETVSGGNFHGEYPAK	12
S3545	NPGAVNACHLSCSALLQDNIADAVACAK	12
S3555	GETVSGGNFHGEYPAK	12
S3555	QGPPLGGQQSQPSAGDGNQNDGPQQGPPQQGGQQQQGPPPPQGK	12
S3569	GETVSGGNFHGEYPAK	12
S3569	SLDLDSIIDAVR	12
S3570	GETVSGGNFHGEYPAK	12
S3570	SLDLDSIINAVR	12
S3571	GETVSGGNFHGEYPAK	12
S3571	SLNSFGGCLEGSR	12
S3575	GETVSGGNFHGEYPAK	12
S3575	SSGGSSSVR	12
S3581	GETVSGGNFHGEYPAK	12
S3581	TPGAVNACHLSCSALLQDNIADAVACAK	12
S3594	GETVSGGNFHGEYPAK	12
S3594	WELLQQMNVDTR	12
S3595	GETVSGGNFHGEYPAK	12
S3595	WELLQQVNTSTGTNNLEPLLENYIGDLR	12
S3598	GETVSGGNFHGEYPAK	12
S3598	YQELQIMAGR	12
S3599	GETVSGGNFHGEYPAK	12
S3599	YQELQITAGR	12
S3626	GFGTDEQAIIDCLGSR	10
S3626	LISEVDGDGDGEISFQEFLTAAK	10
S3627	GFGTDEQAIIDCLGSR	10
S3627	LISEVDSDGDGEISFQEFLTAAK	10
S3628	GFGTDEQAIIDCLGSR	10
S3628	LISEVDSDGDGEISFQEFLTAAR	10
S3697	GGGFGGGSGFGGGSGFSGGGFGGGGFGGGR	12
S3697	GGGFGGGSSFGGGSGFSGGGFGGGGFGGGR	12
S3698	GGGFGGGSGFGGGSGFSGGGFGGGGFGGGR	12
S3698	GGSGGGYGSGCGGGGGSYGGSGR	12
S3703	GGGFGGGSGFGGGSGFSGGGFGGGGFGGGR	12
S3703	GSYGSGGGSYGSGGGGGGHGSYGSGSSSGGYR	12
S3704	GGGFGGGSGFGGGSGFSGGGFGGGGFGGGR	12
S3704	GSYGSGGSSYGSGGGSYGSGGGGGGHGSYGSGSSSGGYR	12
S3706	GGGFGGGSGFGGGSGFSGGGFGGGGFGGGR	12
S3706	GTLYIVEQIPTYVEYSEQTDVLR	12
S3713	GGGFGGGSGFGGGSGFSGGGFGGGGFGGGR	12
S3713	HWDFNVIDK	12
S3725	GGGFGGGSGFGGGSGFSGGGFGGGGFGGGR	12
S3725	LNDLEDALQQAK	12
S3726	GGGFGGGSGFGGGSGFSGGGFGGGGFGGGR	12
S3726	LNDLEDALQQSK	12
S3736	GGGFGGGSGFGGGSGFSGGGFGGGGFGGGR	12
S3736	NPGAVNACHLSCSALLQDNIADAVACAK	12
S3746	GGGFGGGSGFGGGSGFSGGGFGGGGFGGGR	12
S3746	QGPPLGGQQSQPSAGDGNQNDGPQQGPPQQGGQQQQGPPPPQGK	12
S3760	GGGFGGGSGFGGGSGFSGGGFGGGGFGGGR	12
S3760	SLDLDSIIDAVR	12
S3761	GGGFGGGSGFGGGSGFSGGGFGGGGFGGGR	12
S3761	SLDLDSIINAVR	12
S3762	GGGFGGGSGFGGGSGFSGGGFGGGGFGGGR	12
S3762	SLNSFGGCLEGSR	12
S3766	GGGFGGGSGFGGGSGFSGGGFGGGGFGGGR	12
S3766	SSGGSSSVR	12
S3772	GGGFGGGSGFGGGSGFSGGGFGGGGFGGGR	12
S3772	TPGAVNACHLSCSALLQDNIADAVACAK	12
S3785	GGGFGGGSGFGGGSGFSGGGFGGGGFGGGR	12
S3785	WELLQQMNVDTR	12
S3786	GGGFGGGSGFGGGSGFSGGGFGGGGFGGGR	12
S3786	WELLQQVNTSTGTNNLEPLLENYIGDLR	12
S3789	GGGFGGGSGFGGGSGFSGGGFGGGGFGGGR	12
S3789	YQELQIMAGR	12
S3790	GGGFGGGSGFGGGSGFSGGGFGGGGFGGGR	12
S3790	YQELQITAGR	12
S3792	GGGFGGGSSFGGGSGFSGGGFGGGGFGGGR	12
S3792	GGSGGGYGSGCGGGGGSYGGSGR	12
S3797	GGGFGGGSSFGGGSGFSGGGFGGGGFGGGR	12
S3797	GSYGSGGGSYGSGGGGGGHGSYGSGSSSGGYR	12
S3798	GGGFGGGSSFGGGSGFSGGGFGGGGFGGGR	12
S3798	GSYGSGGSSYGSGGGSYGSGGGGGGHGSYGSGSSSGGYR	12
S3800	GGGFGGGSSFGGGSGFSGGGFGGGGFGGGR	12
S3800	GTLYIVEQIPTYVEYSEQTDVLR	12
S3807	GGGFGGGSSFGGGSGFSGGGFGGGGFGGGR	12
S3807	HWDFNVIDK	12
S3819	GGGFGGGSSFGGGSGFSGGGFGGGGFGGGR	12
S3819	LNDLEDALQQAK	12
S3820	GGGFGGGSSFGGGSGFSGGGFGGGGFGGGR	12
S3820	LNDLEDALQQSK	12
S3830	GGGFGGGSSFGGGSGFSGGGFGGGGFGGGR	12
S3830	NPGAVNACHLSCSALLQDNIADAVACAK	12
S3840	GGGFGGGSSFGGGSGFSGGGFGGGGFGGGR	12
S3840	QGPPLGGQQSQPSAGDGNQNDGPQQGPPQQGGQQQQGPPPPQGK	12
S3854	GGGFGGGSSFGGGSGFSGGGFGGGGFGGGR	12
S3854	SLDLDSIIDAVR	12
S3855	GGGFGGGSSFGGGSGFSGGGFGGGGFGGGR	12
S3855	SLDLDSIINAVR	12
S3856	GGGFGGGSSFGGGSGFSGGGFGGGGFGGGR	12
S3856	SLNSFGGCLEGSR	12
S3860	GGGFGGGSSFGGGSGFSGGGFGGGGFGGGR	12
S3860	SSGGSSSVR	12
S3866	GGGFGGGSSFGGGSGFSGGGFGGGGFGGGR	12
S3866	TPGAVNACHLSCSALLQDNIADAVACAK	12
S3879	GGGFGGGSSFGGGSGFSGGGFGGGGFGGGR	12
S3879	WELLQQMNVDTR	12
S3880	GGGFGGGSSFGGGSGFSGGGFGGGGFGGGR	12
S3880	WELLQQVNTSTGTNNLEPLLENYIGDLR	12
S3883	GGGFGGGSSFGGGSGFSGGGFGGGGFGGGR	12
S3883	YQELQIMAGR	12
S3884	GGGFGGGSSFGGGSGFSGGGFGGGGFGGGR	12
S3884	YQELQITAGR	12
S3890	GGSGGGYGSGCGGGGGSYGGSGR	12
S3890	GSYGSGGGSYGSGGGGGGHGSYGSGSSSGGYR	12
S3891	GGSGGGYGSGCGGGGGSYGGSGR	12
S3891	GSYGSGGSSYGSGGGSYGSGGGGGGHGSYGSGSSSGGYR	12
S3893	GGSGGGYGSGCGGGGGSYGGSGR	12
S3893	GTLYIVEQIPTYVEYSEQTDVLR	12
S3900	GGSGGGYGSGCGGGGGSYGGSGR	12
S3900	HWDFNVIDK	12
S3912	GGSGGGYGSGCGGGGGSYGGSGR	12
S3912	LNDLEDALQQAK	12
S3913	GGSGGGYGSGCGGGGGSYGGSGR	12
S3913	LNDLEDALQQSK	12
S3923	GGSGGGYGSGCGGGGGSYGGSGR	12
S3923	NPGAVNACHLSCSALLQDNIADAVACAK	12
S3933	GGSGGGYGSGCGGGGGSYGGSGR	12
S3933	QGPPLGGQQSQPSAGDGNQNDGPQQGPPQQGGQQQQGPPPPQGK	12
S3947	GGSGGGYGSGCGGGGGSYGGSGR	12
S3947	SLDLDSIIDAVR	12
S3948	GGSGGGYGSGCGGGGGSYGGSGR	12
S3948	SLDLDSIINAVR	12
S3949	GGSGGGYGSGCGGGGGSYGGSGR	12
S3949	SLNSFGGCLEGSR	12
S3953	GGSGGGYGSGCGGGGGSYGGSGR	12
S3953	SSGGSSSVR	12
S3959	GGSGGGYGSGCGGGGGSYGGSGR	12
S3959	TPGAVNACHLSCSALLQDNIADAVACAK	12
S3972	GGSGGGYGSGCGGGGGSYGGSGR	12
S3972	WELLQQMNVDTR	12
S3973	GGSGGGYGSGCGGGGGSYGGSGR	12
S3973	WELLQQVNTSTGTNNLEPLLENYIGDLR	12
S3976	GGSGGGYGSGCGGGGGSYGGSGR	12
S3976	YQELQIMAGR	12
S3977	GGSGGGYGSGCGGGGGSYGGSGR	12
S3977	YQELQITAGR	12
S3979	GQHSSGSGQSPGHDQR	01
S3979	GQHSSGSGQSPGHGQR	01
S3986	GQHSSGSGQSPGHDQR	01
S3986	GVAGSSVAVLCPYNR	01
S3989	GQHSSGSGQSPGHDQR	01
S3989	HSASQYGQDTIR	01
S3990	GQHSSGSGQSPGHDQR	01
S3990	HSAYQDGQDTIR	01
S3991	GQHSSGSGQSPGHDQR	01
S3991	HSSWSEGEEHGYSSGHSR	01
S4023	GQHSSGSGQSPGHDQR	01
S4023	PQNASSSCQSHR	01
S4026	GQHSSGSGQSPGHDQR	01
S4026	QGSSAGSSSSCGQHGSGSR	01
S4027	GQHSSGSGQSPGHDQR	01
S4027	QGSSAGSSSSYGPHGSGSR	01
S4028	GQHSSGSGQSPGHDQR	01
S4028	QGSSAGSSSSYGQHGSGSR	01
S4063	GQHSSGSGQSPGHDQR	01
S4063	VVAELQAGTCFINNYNVSPVELPFGGYK	01
S4077	GQHSSGSGQSPGHGQR	01
S4077	GVAGSSVAVLCPYNR	01
S4080	GQHSSGSGQSPGHGQR	01
S4080	HSASQYGQDTIR	01
S4081	GQHSSGSGQSPGHGQR	01
S4081	HSAYQDGQDTIR	01
S4082	GQHSSGSGQSPGHGQR	01
S4082	HSSWSEGEEHGYSSGHSR	01
S4114	GQHSSGSGQSPGHGQR	01
S4114	PQNASSSCQSHR	01
S4117	GQHSSGSGQSPGHGQR	01
S4117	QGSSAGSSSSCGQHGSGSR	01
S4118	GQHSSGSGQSPGHGQR	01
S4118	QGSSAGSSSSYGPHGSGSR	01
S4119	GQHSSGSGQSPGHGQR	01
S4119	QGSSAGSSSSYGQHGSGSR	01
S4154	GQHSSGSGQSPGHGQR	01
S4154	VVAELQAGTCFINNYNVSPVELPFGGYK	01
S4175	GQLPSGSSQFPHGQK	20
S4175	IILGGIYNADLNDEWVQR	20
S4176	GQLPSGSSQFPHGQK	20
S4176	IIPGGIYNADLNDEWVQR	20
S4200	GQLPSGSSQFPHGQK	20
S4200	NWNGSVEILK	20
S4230	GQLPSGSSQFPHGQK	20
S4230	SWNGSVEILK	20
S4248	GQLPSGSSQFPHGQK	20
S4248	YHVPVVVVPEGSASDTHEQAILR	20
S4341	GSYGSGGGSYGSGGGGGGHGSYGSGSSSGGYR	12
S4341	GSYGSGGSSYGSGGGSYGSGGGGGGHGSYGSGSSSGGYR	12
S4343	GSYGSGGGSYGSGGGGGGHGSYGSGSSSGGYR	12
S4343	GTLYIVEQIPTYVEYSEQTDVLR	12
S4350	GSYGSGGGSYGSGGGGGGHGSYGSGSSSGGYR	12
S4350	HWDFNVIDK	12
S4362	GSYGSGGGSYGSGGGGGGHGSYGSGSSSGGYR	12
S4362	LNDLEDALQQAK	12
S4363	GSYGSGGGSYGSGGGGGGHGSYGSGSSSGGYR	12
S4363	LNDLEDALQQSK	12
S4373	GSYGSGGGSYGSGGGGGGHGSYGSGSSSGGYR	12
S4373	NPGAVNACHLSCSALLQDNIADAVACAK	12
S4383	GSYGSGGGSYGSGGGGGGHGSYGSGSSSGGYR	12
S4383	QGPPLGGQQSQPSAGDGNQNDGPQQGPPQQGGQQQQGPPPPQGK	12
S4397	GSYGSGGGSYGSGGGGGGHGSYGSGSSSGGYR	12
S4397	SLDLDSIIDAVR	12
S4398	GSYGSGGGSYGSGGGGGGHGSYGSGSSSGGYR	12
S4398	SLDLDSIINAVR	12
S4399	GSYGSGGGSYGSGGGGGGHGSYGSGSSSGGYR	12
S4399	SLNSFGGCLEGSR	12
S4403	GSYGSGGGSYGSGGGGGGHGSYGSGSSSGGYR	12
S4403	SSGGSSSVR	12
S4409	GSYGSGGGSYGSGGGGGGHGSYGSGSSSGGYR	12
S4409	TPGAVNACHLSCSALLQDNIADAVACAK	12
S4422	GSYGSGGGSYGSGGGGGGHGSYGSGSSSGGYR	12
S4422	WELLQQMNVDTR	12
S4423	GSYGSGGGSYGSGGGGGGHGSYGSGSSSGGYR	12
S4423	WELLQQVNTSTGTNNLEPLLENYIGDLR	12
S4426	GSYGSGGGSYGSGGGGGGHGSYGSGSSSGGYR	12
S4426	YQELQIMAGR	12
S4427	GSYGSGGGSYGSGGGGGGHGSYGSGSSSGGYR	12
S4427	YQELQITAGR	12
S4430	GSYGSGGSSYGSGGGSYGSGGGGGGHGSYGSGSSSGGYR	12
S4430	GTLYIVEQIPTYVEYSEQTDVLR	12
S4437	GSYGSGGSSYGSGGGSYGSGGGGGGHGSYGSGSSSGGYR	12
S4437	HWDFNVIDK	12
S4449	GSYGSGGSSYGSGGGSYGSGGGGGGHGSYGSGSSSGGYR	12
S4449	LNDLEDALQQAK	12
S4450	GSYGSGGSSYGSGGGSYGSGGGGGGHGSYGSGSSSGGYR	12
S4450	LNDLEDALQQSK	12
S4460	GSYGSGGSSYGSGGGSYGSGGGGGGHGSYGSGSSSGGYR	12
S4460	NPGAVNACHLSCSALLQDNIADAVACAK	12
S4470	GSYGSGGSSYGSGGGSYGSGGGGGGHGSYGSGSSSGGYR	12
S4470	QGPPLGGQQSQPSAGDGNQNDGPQQGPPQQGGQQQQGPPPPQGK	12
S4484	GSYGSGGSSYGSGGGSYGSGGGGGGHGSYGSGSSSGGYR	12
S4484	SLDLDSIIDAVR	12
S4485	GSYGSGGSSYGSGGGSYGSGGGGGGHGSYGSGSSSGGYR	12
S4485	SLDLDSIINAVR	12
S4486	GSYGSGGSSYGSGGGSYGSGGGGGGHGSYGSGSSSGGYR	12
S4486	SLNSFGGCLEGSR	12
S4490	GSYGSGGSSYGSGGGSYGSGGGGGGHGSYGSGSSSGGYR	12
S4490	SSGGSSSVR	12
S4496	GSYGSGGSSYGSGGGSYGSGGGGGGHGSYGSGSSSGGYR	12
S4496	TPGAVNACHLSCSALLQDNIADAVACAK	12
S4509	GSYGSGGSSYGSGGGSYGSGGGGGGHGSYGSGSSSGGYR	12
S4509	WELLQQMNVDTR	12
S4510	GSYGSGGSSYGSGGGSYGSGGGGGGHGSYGSGSSSGGYR	12
S4510	WELLQQVNTSTGTNNLEPLLENYIGDLR	12
S4513	GSYGSGGSSYGSGGGSYGSGGGGGGHGSYGSGSSSGGYR	12
S4513	YQELQIMAGR	12
S4514	GSYGSGGSSYGSGGGSYGSGGGGGGHGSYGSGSSSGGYR	12
S4514	YQELQITAGR	12
S4530	GTDECAIESIAVAATPIPK	11
S4530	LEGSDVQLLEYEASAAGLIR	11
S4534	GTDECAIESIAVAATPIPK	11
S4534	LIVQPNTHLEGSDVQLLEYEASAAGLIR	11
S4608	GTLYIVEQIPTYVEYSEQTDVLR	12
S4608	HWDFNVIDK	12
S4620	GTLYIVEQIPTYVEYSEQTDVLR	12
S4620	LNDLEDALQQAK	12
S4621	GTLYIVEQIPTYVEYSEQTDVLR	12
S4621	LNDLEDALQQSK	12
S4631	GTLYIVEQIPTYVEYSEQTDVLR	12
S4631	NPGAVNACHLSCSALLQDNIADAVACAK	12
S4641	GTLYIVEQIPTYVEYSEQTDVLR	12
S4641	QGPPLGGQQSQPSAGDGNQNDGPQQGPPQQGGQQQQGPPPPQGK	12
S4655	GTLYIVEQIPTYVEYSEQTDVLR	12
S4655	SLDLDSIIDAVR	12
S4656	GTLYIVEQIPTYVEYSEQTDVLR	12
S4656	SLDLDSIINAVR	12
S4657	GTLYIVEQIPTYVEYSEQTDVLR	12
S4657	SLNSFGGCLEGSR	12
S4661	GTLYIVEQIPTYVEYSEQTDVLR	12
S4661	SSGGSSSVR	12
S4667	GTLYIVEQIPTYVEYSEQTDVLR	12
S4667	TPGAVNACHLSCSALLQDNIADAVACAK	12
S4680	GTLYIVEQIPTYVEYSEQTDVLR	12
S4680	WELLQQMNVDTR	12
S4681	GTLYIVEQIPTYVEYSEQTDVLR	12
S4681	WELLQQVNTSTGTNNLEPLLENYIGDLR	12
S4684	GTLYIVEQIPTYVEYSEQTDVLR	12
S4684	YQELQIMAGR	12
S4685	GTLYIVEQIPTYVEYSEQTDVLR	12
S4685	YQELQITAGR	12
S4689	GVAGSSVAVLCPYNR	01
S4689	HSASQYGQDTIR	01
S4690	GVAGSSVAVLCPYNR	01
S4690	HSAYQDGQDTIR	01
S4691	GVAGSSVAVLCPYNR	01
S4691	HSSWSEGEEHGYSSGHSR	01
S4723	GVAGSSVAVLCPYNR	01
S4723	PQNASSSCQSHR	01
S4726	GVAGSSVAVLCPYNR	01
S4726	QGSSAGSSSSCGQHGSGSR	01
S4727	GVAGSSVAVLCPYNR	01
S4727	QGSSAGSSSSYGPHGSGSR	01
S4728	GVAGSSVAVLCPYNR	01
S4728	QGSSAGSSSSYGQHGSGSR	01
S4763	GVAGSSVAVLCPYNR	01
S4763	VVAELQAGTCFINNYNVSPVELPFGGYK	01
S4796	HDPAAWEAAQSMIPINEPYGDDLDATYR	17
S4796	NEGTATYAAAILFR	17
S4797	HDPAAWEAAQSMIPINEPYGDDLDATYR	17
S4797	NEGTATYAAAVLFR	17
S4799	HDPAAWEAAQSMIPINEPYGDDLDATYR	17
S4799	NQINALTSFVDASMVYGSEEPLAR	17
S4813	HDPAAWEAAQSMIPINEPYGDDLDATYR	17
S4813	QLNPQGDLTPLDSLIDFK	17
S4816	HDPAAWEAAQSMIPINEPYGDDLDATYR	17
S4816	SAIVHLINYQDDAELATR	17
S4821	HDPAAWEAAQSMIPINEPYGDDLDATYR	17
S4821	SGGGGGGGGCGGGGGVSSLR	17
S4835	HDPAAWEAAQSMIPINEPYGDDLDATYR	17
S4835	TTADDSLPVLLEHR	17
S4874	HGLVATHMLTVR	18
S4874	MVAWSSSENMSEESVVLSFPR	18
S4902	HGLVATHMLTVR	18
S4902	SFSIFLSDGQR	18
S4908	HGLVATHMLTVR	18
S4908	SLSSAINASTGDYLLESVNK	18
S4909	HGLVATHMLTVR	18
S4909	SLSSAINASTGNYLLESVNK	18
S4921	HGLVATHMLTVR	18
S4921	VEDENDSHPVFTEAIYNFEVLESSR	18
S4936	HSASQYGQDTIR	01
S4936	HSAYQDGQDTIR	01
S4937	HSASQYGQDTIR	01
S4937	HSSWSEGEEHGYSSGHSR	01
S4969	HSASQYGQDTIR	01
S4969	PQNASSSCQSHR	01
S4972	HSASQYGQDTIR	01
S4972	QGSSAGSSSSCGQHGSGSR	01
S4973	HSASQYGQDTIR	01
S4973	QGSSAGSSSSYGPHGSGSR	01
S4974	HSASQYGQDTIR	01
S4974	QGSSAGSSSSYGQHGSGSR	01
S5009	HSASQYGQDTIR	01
S5009	VVAELQAGTCFINNYNVSPVELPFGGYK	01
S5017	HSAYQDGQDTIR	01
S5017	HSSWSEGEEHGYSSGHSR	01
S5049	HSAYQDGQDTIR	01
S5049	PQNASSSCQSHR	01
S5052	HSAYQDGQDTIR	01
S5052	QGSSAGSSSSCGQHGSGSR	01
S5053	HSAYQDGQDTIR	01
S5053	QGSSAGSSSSYGPHGSGSR	01
S5054	HSAYQDGQDTIR	01
S5054	QGSSAGSSSSYGQHGSGSR	01
S5089	HSAYQDGQDTIR	01
S5089	VVAELQAGTCFINNYNVSPVELPFGGYK	01
S5128	HSSWSEGEEHGYSSGHSR	01
S5128	PQNASSSCQSHR	01
S5131	HSSWSEGEEHGYSSGHSR	01
S5131	QGSSAGSSSSCGQHGSGSR	01
S5132	HSSWSEGEEHGYSSGHSR	01
S5132	QGSSAGSSSSYGPHGSGSR	01
S5133	HSSWSEGEEHGYSSGHSR	01
S5133	QGSSAGSSSSYGQHGSGSR	01
S5168	HSSWSEGEEHGYSSGHSR	01
S5168	VVAELQAGTCFINNYNVSPVELPFGGYK	01
S5187	HWDFNVIDK	12
S5187	LNDLEDALQQAK	12
S5188	HWDFNVIDK	12
S5188	LNDLEDALQQSK	12
S5198	HWDFNVIDK	12
S5198	NPGAVNACHLSCSALLQDNIADAVACAK	12
S5208	HWDFNVIDK	12
S5208	QGPPLGGQQSQPSAGDGNQNDGPQQGPPQQGGQQQQGPPPPQGK	12
S5222	HWDFNVIDK	12
S5222	SLDLDSIIDAVR	12
S5223	HWDFNVIDK	12
S5223	SLDLDSIINAVR	12
S5224	HWDFNVIDK	12
S5224	SLNSFGGCLEGSR	12
S5228	HWDFNVIDK	12
S5228	SSGGSSSVR	12
S5234	HWDFNVIDK	12
S5234	TPGAVNACHLSCSALLQDNIADAVACAK	12
S5247	HWDFNVIDK	12
S5247	WELLQQMNVDTR	12
S5248	HWDFNVIDK	12
S5248	WELLQQVNTSTGTNNLEPLLENYIGDLR	12
S5251	HWDFNVIDK	12
S5251	YQELQIMAGR	12
S5252	HWDFNVIDK	12
S5252	YQELQITAGR	12
S5313	ICGVEDAVSEMTR	07
S5313	TVQIAAVVDVIR	07
S5314	ICGVEDAVSEMTR	07
S5314	TYLISSIPLHGAFNYK	07
S5315	ICGVEDAVSEMTR	07
S5315	TYLISSIPLQGAFNYK	07
S5331	IILGGIYNADLNDEWVQR	20
S5331	IIPGGIYNADLNDEWVQR	20
S5355	IILGGIYNADLNDEWVQR	20
S5355	NWNGSVEILK	20
S5385	IILGGIYNADLNDEWVQR	20
S5385	SWNGSVEILK	20
S5403	IILGGIYNADLNDEWVQR	20
S5403	YHVPVVVVPEGSASDTHEQAILR	20
S5430	IIPGGIYNADLNDEWVQR	20
S5430	NWNGSVEILK	20
S5460	IIPGGIYNADLNDEWVQR	20
S5460	SWNGSVEILK	20
S5478	IIPGGIYNADLNDEWVQR	20
S5478	YHVPVVVVPEGSASDTHEQAILR	20
S5491	IQVLVEPDHFK	14
S5491	LQHLENELTHDIITK	14
S5492	IQVLVEPDHFK	14
S5492	LTQAQIFDYGEIPNFPR	14
S5493	IQVLVEPDHFK	14
S5493	LTQAQIFDYSEIPNFPR	14
S5503	IQVLVEPDHFK	14
S5503	NVNPVALPR	14
S5556	LDPEAYGAPCAR	19
S5556	LDPEAYGSPCAR	19
S5589	LDPEAYGAPCAR	19
S5589	QVPGFGAADALGNR	19
S5590	LDPEAYGAPCAR	19
S5590	QVPGFGVADALGNR	19
S5616	LDPEAYGAPCAR	19
S5616	VQCHQDQTACFQGNGR	19
S5617	LDPEAYGAPCAR	19
S5617	VQCHQDQTACFQGSGR	19
S5619	LDPEAYGAPCAR	19
S5619	VSDALGQGTR	19
S5620	LDPEAYGAPCAR	19
S5620	VSEALGQGTR	19
S5661	LDPEAYGSPCAR	19
S5661	QVPGFGAADALGNR	19
S5662	LDPEAYGSPCAR	19
S5662	QVPGFGVADALGNR	19
S5688	LDPEAYGSPCAR	19
S5688	VQCHQDQTACFQGNGR	19
S5689	LDPEAYGSPCAR	19
S5689	VQCHQDQTACFQGSGR	19
S5691	LDPEAYGSPCAR	19
S5691	VSDALGQGTR	19
S5692	LDPEAYGSPCAR	19
S5692	VSEALGQGTR	19
S5704	LEGSDVQLLEYEASAAGLIR	11
S5704	LIVQPNTHLEGSDVQLLEYEASAAGLIR	11
S5772	LISEVDGDGDGEISFQEFLTAAK	10
S5772	LISEVDSDGDGEISFQEFLTAAK	10
S5773	LISEVDGDGDGEISFQEFLTAAK	10
S5773	LISEVDSDGDGEISFQEFLTAAR	10
S5842	LISEVDSDGDGEISFQEFLTAAK	10
S5842	LISEVDSDGDGEISFQEFLTAAR	10
S6046	LNDLEDALQQAK	12
S6046	LNDLEDALQQSK	12
S6056	LNDLEDALQQAK	12
S6056	NPGAVNACHLSCSALLQDNIADAVACAK	12
S6066	LNDLEDALQQAK	12
S6066	QGPPLGGQQSQPSAGDGNQNDGPQQGPPQQGGQQQQGPPPPQGK	12
S6080	LNDLEDALQQAK	12
S6080	SLDLDSIIDAVR	12
S6081	LNDLEDALQQAK	12
S6081	SLDLDSIINAVR	12
S6082	LNDLEDALQQAK	12
S6082	SLNSFGGCLEGSR	12
S6086	LNDLEDALQQAK	12
S6086	SSGGSSSVR	12
S6092	LNDLEDALQQAK	12
S6092	TPGAVNACHLSCSALLQDNIADAVACAK	12
S6105	LNDLEDALQQAK	12
S6105	WELLQQMNVDTR	12
S6106	LNDLEDALQQAK	12
S6106	WELLQQVNTSTGTNNLEPLLENYIGDLR	12
S6109	LNDLEDALQQAK	12
S6109	YQELQIMAGR	12
S6110	LNDLEDALQQAK	12
S6110	YQELQITAGR	12
S6121	LNDLEDALQQSK	12
S6121	NPGAVNACHLSCSALLQDNIADAVACAK	12
S6131	LNDLEDALQQSK	12
S6131	QGPPLGGQQSQPSAGDGNQNDGPQQGPPQQGGQQQQGPPPPQGK	12
S6145	LNDLEDALQQSK	12
S6145	SLDLDSIIDAVR	12
S6146	LNDLEDALQQSK	12
S6146	SLDLDSIINAVR	12
S6147	LNDLEDALQQSK	12
S6147	SLNSFGGCLEGSR	12
S6151	LNDLEDALQQSK	12
S6151	SSGGSSSVR	12
S6157	LNDLEDALQQSK	12
S6157	TPGAVNACHLSCSALLQDNIADAVACAK	12
S6170	LNDLEDALQQSK	12
S6170	WELLQQMNVDTR	12
S6171	LNDLEDALQQSK	12
S6171	WELLQQVNTSTGTNNLEPLLENYIGDLR	12
S6174	LNDLEDALQQSK	12
S6174	YQELQIMAGR	12
S6175	LNDLEDALQQSK	12
S6175	YQELQITAGR	12
S6177	LQHLENELTHDIITK	14
S6177	LTQAQIFDYGEIPNFPR	14
S6178	LQHLENELTHDIITK	14
S6178	LTQAQIFDYSEIPNFPR	14
S6188	LQHLENELTHDIITK	14
S6188	NVNPVALPR	14
S6241	LTQAQIFDYGEIPNFPR	14
S6241	LTQAQIFDYSEIPNFPR	14
S6251	LTQAQIFDYGEIPNFPR	14
S6251	NVNPVALPR	14
S6313	LTQAQIFDYSEIPNFPR	14
S6313	NVNPVALPR	14
S6393	MVAWSSSENMSEESVVLSFPR	18
S6393	SFSIFLSDGQR	18
S6399	MVAWSSSENMSEESVVLSFPR	18
S6399	SLSSAINASTGDYLLESVNK	18
S6400	MVAWSSSENMSEESVVLSFPR	18
S6400	SLSSAINASTGNYLLESVNK	18
S6412	MVAWSSSENMSEESVVLSFPR	18
S6412	VEDENDSHPVFTEAIYNFEVLESSR	18
S6462	MYYSAVDPTK	03
S6462	SVEEYANCHLAR	03
S6463	MYYSAVDPTK	03
S6463	SVQWCAVSQPEATK	03
S6464	MYYSAVDPTK	03
S6464	SVQWCTVSQPEATK	03
S6473	MYYSAVDPTK	03
S6473	VGEAGLLSVDCSEAGPGALGLEAVSDSGTK	03
S6487	NAAGHGSSGGGGGNTQDECAEYQEQMK	05
S6487	NAAGHGSSGGGGGNTQDECAEYR	05
S6496	NAAGHGSSGGGGGNTQDECAEYQEQMK	05
S6496	PGPALWPLPLLVK	05
S6497	NAAGHGSSGGGGGNTQDECAEYQEQMK	05
S6497	PGPALWPLPLSVK	05
S6510	NAAGHGSSGGGGGNTQDECAEYQEQMK	05
S6510	SEFAVPDLELPSWLTTGNYR	05
S6511	NAAGHGSSGGGGGNTQDECAEYQEQMK	05
S6511	SEFVVPDLELPSWLTTGNYR	05
S6554	NAAGHGSSGGGGGNTQDECAEYR	05
S6554	PGPALWPLPLLVK	05
S6555	NAAGHGSSGGGGGNTQDECAEYR	05
S6555	PGPALWPLPLSVK	05
S6568	NAAGHGSSGGGGGNTQDECAEYR	05
S6568	SEFAVPDLELPSWLTTGNYR	05
S6569	NAAGHGSSGGGGGNTQDECAEYR	05
S6569	SEFVVPDLELPSWLTTGNYR	05
S6604	NEGTATYAAAILFR	17
S6604	NEGTATYAAAVLFR	17
S6606	NEGTATYAAAILFR	17
S6606	NQINALTSFVDASMVYGSEEPLAR	17
S6620	NEGTATYAAAILFR	17
S6620	QLNPQGDLTPLDSLIDFK	17
S6623	NEGTATYAAAILFR	17
S6623	SAIVHLINYQDDAELATR	17
S6628	NEGTATYAAAILFR	17
S6628	SGGGGGGGGCGGGGGVSSLR	17
S6642	NEGTATYAAAILFR	17
S6642	TTADDSLPVLLEHR	17
S6662	NEGTATYAAAVLFR	17
S6662	NQINALTSFVDASMVYGSEEPLAR	17
S6676	NEGTATYAAAVLFR	17
S6676	QLNPQGDLTPLDSLIDFK	17
S6679	NEGTATYAAAVLFR	17
S6679	SAIVHLINYQDDAELATR	17
S6684	NEGTATYAAAVLFR	17
S6684	SGGGGGGGGCGGGGGVSSLR	17
S6698	NEGTATYAAAVLFR	17
S6698	TTADDSLPVLLEHR	17
S6726	NPGAVNACHLSCSALLQDNIADAVACAK	12
S6726	QGPPLGGQQSQPSAGDGNQNDGPQQGPPQQGGQQQQGPPPPQGK	12
S6740	NPGAVNACHLSCSALLQDNIADAVACAK	12
S6740	SLDLDSIIDAVR	12
S6741	NPGAVNACHLSCSALLQDNIADAVACAK	12
S6741	SLDLDSIINAVR	12
S6742	NPGAVNACHLSCSALLQDNIADAVACAK	12
S6742	SLNSFGGCLEGSR	12
S6746	NPGAVNACHLSCSALLQDNIADAVACAK	12
S6746	SSGGSSSVR	12
S6752	NPGAVNACHLSCSALLQDNIADAVACAK	12
S6752	TPGAVNACHLSCSALLQDNIADAVACAK	12
S6765	NPGAVNACHLSCSALLQDNIADAVACAK	12
S6765	WELLQQMNVDTR	12
S6766	NPGAVNACHLSCSALLQDNIADAVACAK	12
S6766	WELLQQVNTSTGTNNLEPLLENYIGDLR	12
S6769	NPGAVNACHLSCSALLQDNIADAVACAK	12
S6769	YQELQIMAGR	12
S6770	NPGAVNACHLSCSALLQDNIADAVACAK	12
S6770	YQELQITAGR	12
S6785	NQINALTSFVDASMVYGSEEPLAR	17
S6785	QLNPQGDLTPLDSLIDFK	17
S6788	NQINALTSFVDASMVYGSEEPLAR	17
S6788	SAIVHLINYQDDAELATR	17
S6793	NQINALTSFVDASMVYGSEEPLAR	17
S6793	SGGGGGGGGCGGGGGVSSLR	17
S6807	NQINALTSFVDASMVYGSEEPLAR	17
S6807	TTADDSLPVLLEHR	17
S6832	NVAVDELSR	06
S6832	QGCTVTVSDLYAMNFEPR	06
S6868	NVAVDELSR	06
S6868	VQEQELTR	06
S6878	NVAVDELSR	06
S6878	YTQTFTLHANR	06
S6960	NWNGSVEILK	20
S6960	SWNGSVEILK	20
S6978	NWNGSVEILK	20
S6978	YHVPVVVVPEGSASDTHEQAILR	20
S7032	PGPALWPLPLLVK	05
S7032	PGPALWPLPLSVK	05
S7045	PGPALWPLPLLVK	05
S7045	SEFAVPDLELPSWLTTGNYR	05
S7046	PGPALWPLPLLVK	05
S7046	SEFVVPDLELPSWLTTGNYR	05
S7093	PGPALWPLPLSVK	05
S7093	SEFAVPDLELPSWLTTGNYR	05
S7094	PGPALWPLPLSVK	05
S7094	SEFVVPDLELPSWLTTGNYR	05
S7131	PQNASSSCQSHR	01
S7131	QGSSAGSSSSCGQHGSGSR	01
S7132	PQNASSSCQSHR	01
S7132	QGSSAGSSSSYGPHGSGSR	01
S7133	PQNASSSCQSHR	01
S7133	QGSSAGSSSSYGQHGSGSR	01
S7168	PQNASSSCQSHR	01
S7168	VVAELQAGTCFINNYNVSPVELPFGGYK	01
S7211	QGCTVTVSDLYAMNFEPR	06
S7211	VQEQELTR	06
S7221	QGCTVTVSDLYAMNFEPR	06
S7221	YTQTFTLHANR	06
S7235	QGPPLGGQQSQPSAGDGNQNDGPQQGPPQQGGQQQQGPPPPQGK	12
S7235	SLDLDSIIDAVR	12
S7236	QGPPLGGQQSQPSAGDGNQNDGPQQGPPQQGGQQQQGPPPPQGK	12
S7236	SLDLDSIINAVR	12
S7237	QGPPLGGQQSQPSAGDGNQNDGPQQGPPQQGGQQQQGPPPPQGK	12
S7237	SLNSFGGCLEGSR	12
S7241	QGPPLGGQQSQPSAGDGNQNDGPQQGPPQQGGQQQQGPPPPQGK	12
S7241	SSGGSSSVR	12
S7247	QGPPLGGQQSQPSAGDGNQNDGPQQGPPQQGGQQQQGPPPPQGK	12
S7247	TPGAVNACHLSCSALLQDNIADAVACAK	12
S7260	QGPPLGGQQSQPSAGDGNQNDGPQQGPPQQGGQQQQGPPPPQGK	12
S7260	WELLQQMNVDTR	12
S7261	QGPPLGGQQSQPSAGDGNQNDGPQQGPPQQGGQQQQGPPPPQGK	12
S7261	WELLQQVNTSTGTNNLEPLLENYIGDLR	12
S7264	QGPPLGGQQSQPSAGDGNQNDGPQQGPPQQGGQQQQGPPPPQGK	12
S7264	YQELQIMAGR	12
S7265	QGPPLGGQQSQPSAGDGNQNDGPQQGPPQQGGQQQQGPPPPQGK	12
S7265	YQELQITAGR	12
S7267	QGSSAGSSSSCGQHGSGSR	01
S7267	QGSSAGSSSSYGPHGSGSR	01
S7268	QGSSAGSSSSCGQHGSGSR	01
S7268	QGSSAGSSSSYGQHGSGSR	01
S7303	QGSSAGSSSSCGQHGSGSR	01
S7303	VVAELQAGTCFINNYNVSPVELPFGGYK	01
S7311	QGSSAGSSSSYGPHGSGSR	01
S7311	QGSSAGSSSSYGQHGSGSR	01
S7346	QGSSAGSSSSYGPHGSGSR	01
S7346	VVAELQAGTCFINNYNVSPVELPFGGYK	01
S7388	QGSSAGSSSSYGQHGSGSR	01
S7388	VVAELQAGTCFINNYNVSPVELPFGGYK	01
S7439	QLNPQGDLTPLDSLIDFK	17
S7439	SAIVHLINYQDDAELATR	17
S7444	QLNPQGDLTPLDSLIDFK	17
S7444	SGGGGGGGGCGGGGGVSSLR	17
S7458	QLNPQGDLTPLDSLIDFK	17
S7458	TTADDSLPVLLEHR	17
S7477	QVPGFGAADALGNR	19
S7477	QVPGFGVADALGNR	19
S7503	QVPGFGAADALGNR	19
S7503	VQCHQDQTACFQGNGR	19
S7504	QVPGFGAADALGNR	19
S7504	VQCHQDQTACFQGSGR	19
S7506	QVPGFGAADALGNR	19
S7506	VSDALGQGTR	19
S7507	QVPGFGAADALGNR	19
S7507	VSEALGQGTR	19
S7541	QVPGFGVADALGNR	19
S7541	VQCHQDQTACFQGNGR	19
S7542	QVPGFGVADALGNR	19
S7542	VQCHQDQTACFQGSGR	19
S7544	QVPGFGVADALGNR	19
S7544	VSDALGQGTR	19
S7545	QVPGFGVADALGNR	19
S7545	VSEALGQGTR	19
S7558	SAIVHLINYQDDAELATR	17
S7558	SGGGGGGGGCGGGGGVSSLR	17
S7572	SAIVHLINYQDDAELATR	17
S7572	TTADDSLPVLLEHR	17
S7627	SEFAVPDLELPSWLTTGNYR	05
S7627	SEFVVPDLELPSWLTTGNYR	05
S7701	SFSIFLSDGQR	18
S7701	SLSSAINASTGDYLLESVNK	18
S7702	SFSIFLSDGQR	18
S7702	SLSSAINASTGNYLLESVNK	18
S7714	SFSIFLSDGQR	18
S7714	VEDENDSHPVFTEAIYNFEVLESSR	18
S7742	SGGGGGGGGCGGGGGVSSLR	17
S7742	TTADDSLPVLLEHR	17
S7761	SLDLDSIIDAVR	12
S7761	SLDLDSIINAVR	12
S7762	SLDLDSIIDAVR	12
S7762	SLNSFGGCLEGSR	12
S7766	SLDLDSIIDAVR	12
S7766	SSGGSSSVR	12
S7772	SLDLDSIIDAVR	12
S7772	TPGAVNACHLSCSALLQDNIADAVACAK	12
S7785	SLDLDSIIDAVR	12
S7785	WELLQQMNVDTR	12
S7786	SLDLDSIIDAVR	12
S7786	WELLQQVNTSTGTNNLEPLLENYIGDLR	12
S7789	SLDLDSIIDAVR	12
S7789	YQELQIMAGR	12
S7790	SLDLDSIIDAVR	12
S7790	YQELQITAGR	12
S7792	SLDLDSIINAVR	12
S7792	SLNSFGGCLEGSR	12
S7796	SLDLDSIINAVR	12
S7796	SSGGSSSVR	12
S7802	SLDLDSIINAVR	12
S7802	TPGAVNACHLSCSALLQDNIADAVACAK	12
S7815	SLDLDSIINAVR	12
S7815	WELLQQMNVDTR	12
S7816	SLDLDSIINAVR	12
S7816	WELLQQVNTSTGTNNLEPLLENYIGDLR	12
S7819	SLDLDSIINAVR	12
S7819	YQELQIMAGR	12
S7820	SLDLDSIINAVR	12
S7820	YQELQITAGR	12
S7825	SLNSFGGCLEGSR	12
S7825	SSGGSSSVR	12
S7831	SLNSFGGCLEGSR	12
S7831	TPGAVNACHLSCSALLQDNIADAVACAK	12
S7844	SLNSFGGCLEGSR	12
S7844	WELLQQMNVDTR	12
S7845	SLNSFGGCLEGSR	12
S7845	WELLQQVNTSTGTNNLEPLLENYIGDLR	12
S7848	SLNSFGGCLEGSR	12
S7848	YQELQIMAGR	12
S7849	SLNSFGGCLEGSR	12
S7849	YQELQITAGR	12
S7858	SLPFGAQSTQR	09
S7858	TGAQELLR	09
S7879	SLSSAINASTGDYLLESVNK	18
S7879	SLSSAINASTGNYLLESVNK	18
S7891	SLSSAINASTGDYLLESVNK	18
S7891	VEDENDSHPVFTEAIYNFEVLESSR	18
S7917	SLSSAINASTGNYLLESVNK	18
S7917	VEDENDSHPVFTEAIYNFEVLESSR	18
S7937	SSGGSSSVR	12
S7937	TPGAVNACHLSCSALLQDNIADAVACAK	12
S7950	SSGGSSSVR	12
S7950	WELLQQMNVDTR	12
S7951	SSGGSSSVR	12
S7951	WELLQQVNTSTGTNNLEPLLENYIGDLR	12
S7954	SSGGSSSVR	12
S7954	YQELQIMAGR	12
S7955	SSGGSSSVR	12
S7955	YQELQITAGR	12
S7957	SVEEYANCHLAR	03
S7957	SVQWCAVSQPEATK	03
S7958	SVEEYANCHLAR	03
S7958	SVQWCTVSQPEATK	03
S7967	SVEEYANCHLAR	03
S7967	VGEAGLLSVDCSEAGPGALGLEAVSDSGTK	03
S7981	SVQWCAVSQPEATK	03
S7981	SVQWCTVSQPEATK	03
S7990	SVQWCAVSQPEATK	03
S7990	VGEAGLLSVDCSEAGPGALGLEAVSDSGTK	03
S8012	SVQWCTVSQPEATK	03
S8012	VGEAGLLSVDCSEAGPGALGLEAVSDSGTK	03
S8043	SWNGSVEILK	20
S8043	YHVPVVVVPEGSASDTHEQAILR	20
S8079	TPGAVNACHLSCSALLQDNIADAVACAK	12
S8079	WELLQQMNVDTR	12
S8080	TPGAVNACHLSCSALLQDNIADAVACAK	12
S8080	WELLQQVNTSTGTNNLEPLLENYIGDLR	12
S8083	TPGAVNACHLSCSALLQDNIADAVACAK	12
S8083	YQELQIMAGR	12
S8084	TPGAVNACHLSCSALLQDNIADAVACAK	12
S8084	YQELQITAGR	12
S8104	TVQIAAVVDVIR	07
S8104	TYLISSIPLHGAFNYK	07
S8105	TVQIAAVVDVIR	07
S8105	TYLISSIPLQGAFNYK	07
S8121	TYLISSIPLHGAFNYK	07
S8121	TYLISSIPLQGAFNYK	07
S8179	VQCHQDQTACFQGNGR	19
S8179	VQCHQDQTACFQGSGR	19
S8181	VQCHQDQTACFQGNGR	19
S8181	VSDALGQGTR	19
S8182	VQCHQDQTACFQGNGR	19
S8182	VSEALGQGTR	19
S8192	VQCHQDQTACFQGSGR	19
S8192	VSDALGQGTR	19
S8193	VQCHQDQTACFQGSGR	19
S8193	VSEALGQGTR	19
S8211	VQEQELTR	06
S8211	YTQTFTLHANR	06
S8212	VSDALGQGTR	19
S8212	VSEALGQGTR	19
S8236	WELLQQMNVDTR	12
S8236	WELLQQVNTSTGTNNLEPLLENYIGDLR	12
S8239	WELLQQMNVDTR	12
S8239	YQELQIMAGR	12
S8240	WELLQQMNVDTR	12
S8240	YQELQITAGR	12
S8244	WELLQQVNTSTGTNNLEPLLENYIGDLR	12
S8244	YQELQIMAGR	12
S8245	WELLQQVNTSTGTNNLEPLLENYIGDLR	12
S8245	YQELQITAGR	12
S8254	YQELQIMAGR	12
S8254	YQELQITAGR	12
